UniProt ID,protein_fold,n_pairs,n_pairs_used,used_for_model
A0A0R4IM31,2,11,11,True
A5D7K8,1,20,20,True
B2GV46,6,14,14,True
D4A7K7,6,2,2,True
F1MV99,3,9,9,True
F8VQN3,6,1,1,True
O00222,7,192,190,True
O00398,7,20,20,True
O00421,5,34,34,True
O00574,5,38,38,True
O00590,0,1,1,True
O02662,4,38,38,True
O02667,6,19,19,True
O02824,2,65,65,True
O08530,7,20,20,True
O08556,6,2,2,True
O08565,9,56,55,True
O08725,6,41,41,True
O08726,6,33,10,True
O08786,3,76,76,True
O08858,7,31,30,True
O08878,3,1,1,True
O08892,9,13,13,True
O14804,8,1,1,True
O14842,4,1079,1078,True
O14843,8,60,60,True
O15303,0,162,162,True
O15552,9,286,284,True
O35659,8,12,3,True
O35811,6,9,9,True
O35881,3,1,1,True
O43193,5,190,186,True
O43194,8,37,37,True
O43603,2,118,95,True
O43613,2,3722,3614,True
O43614,9,3881,3804,True
O46635,5,5,5,True
O54798,5,71,71,True
O54814,0,20,20,True
O55040,6,31,26,True
O55193,0,5,5,True
O60353,1,1,1,True
O60755,8,223,215,True
O60883,7,1,1,True
O70342,4,128,120,True
O70526,4,252,251,True
O70528,3,215,213,True
O75084,4,28,0,False
O75388,0,3,3,True
O75899,4,73,73,True
O77621,6,3,3,True
O77680,3,2,2,True
O77715,9,7,7,True
O77808,9,31,31,True
O77830,3,82,82,True
O88319,2,26,26,True
O88410,7,35,35,True
O88536,7,6,5,True
O88626,9,19,2,True
O88634,6,63,63,True
O88854,3,5,1,True
O88855,1,1,1,True
O88871,2,51,51,True
O89039,3,1,1,True
O95136,7,828,827,True
O95665,5,138,138,True
O95838,7,98,0,False
O95977,5,583,582,True
O97512,2,20,20,True
P02699,6,2,2,True
P04201,6,1,1,True
P04274,9,5,5,True
P05363,1,10,10,True
P06199,9,122,122,True
P07550,0,1893,1893,True
P08172,3,1697,1692,True
P08173,4,1604,1600,True
P08482,4,1332,1330,True
P08483,2,809,807,True
P08485,6,686,684,True
P08588,9,1313,1313,True
P08908,3,3875,3873,True
P08909,9,544,544,True
P08911,5,610,608,True
P08912,8,1280,1278,True
P08913,2,1055,1053,True
P0C0L6,8,1,1,True
P0C0W8,2,129,129,True
P0C5J4,1,7,7,True
P0DMS8,3,3229,3224,True
P10608,6,238,238,True
P10980,6,970,966,True
P11229,1,2386,2381,True
P11483,9,1,1,True
P11613,0,1,1,True
P11614,1,9,9,True
P11615,4,79,79,True
P12657,8,50,50,True
P13945,6,996,996,True
P14416,1,5207,5201,True
P14600,3,234,233,True
P14842,6,1826,1826,True
P15823,3,1900,1898,True
P16177,1,100,100,True
P16235,3,39,39,True
P16395,9,20,20,True
P16473,2,10,10,True
P16610,3,115,115,True
P17200,7,18,18,True
P18089,1,503,502,True
P18090,0,370,370,True
P18130,3,209,209,True
P18762,8,21,21,True
P18825,9,750,747,True
P18841,8,143,143,True
P18871,5,15,15,True
P18901,6,1043,1043,True
P19020,4,613,613,True
P19327,4,2693,2692,True
P19328,6,553,553,True
P20272,9,1202,1200,True
P20288,3,215,215,True
P20309,5,2477,2475,True
P20789,6,47,46,True
P21450,6,1,0,False
P21451,4,235,208,True
P21452,8,806,798,True
P21453,3,2714,2710,True
P21462,0,1134,1120,True
P21463,8,22,22,True
P21554,9,6283,6282,True
P21555,3,20,10,True
P21556,5,724,724,True
P21728,0,1473,1471,True
P21729,5,48,47,True
P21730,2,713,705,True
P21731,4,803,803,True
P21761,7,18,18,True
P21917,0,1601,1598,True
P21918,1,695,693,True
P22086,6,968,968,True
P22888,1,32,32,True
P22909,8,600,600,True
P23385,4,425,425,True
P23811,3,2,0,False
P23944,4,1288,1286,True
P23945,9,74,74,True
P24053,2,55,55,True
P24530,8,841,827,True
P25021,8,635,635,True
P25023,5,81,80,True
P25024,6,190,190,True
P25025,4,766,739,True
P25089,2,52,51,True
P25090,3,1730,1725,True
P25095,2,840,838,True
P25099,2,1940,1940,True
P25100,5,935,933,True
P25101,7,952,937,True
P25102,4,68,68,True
P25103,0,1826,1824,True
P25104,6,128,128,True
P25105,1,270,270,True
P25106,9,573,564,True
P25115,8,248,248,True
P25116,5,539,534,True
P25929,1,991,880,True
P25930,3,12,12,True
P25931,6,4,4,True
P25961,7,6,6,True
P25962,7,4,4,True
P26255,8,20,20,True
P26684,3,630,599,True
P28088,8,21,5,True
P28190,1,329,329,True
P28221,8,1153,1149,True
P28222,8,896,892,True
P28223,4,3589,3582,True
P28334,2,11,11,True
P28335,6,2384,2382,True
P28336,0,161,157,True
P28564,4,525,525,True
P28565,0,188,188,True
P28566,9,407,406,True
P28646,3,130,130,True
P28647,8,306,303,True
P29089,0,1110,1110,True
P29274,5,5332,5316,True
P29275,3,3156,3149,True
P29276,5,644,644,True
P29371,7,638,638,True
P29754,9,45,45,True
P30082,0,52,31,True
P30083,7,24,21,True
P30098,7,32,32,True
P30411,4,561,559,True
P30518,6,696,680,True
P30542,4,3156,3151,True
P30543,8,1793,1790,True
P30545,2,5,5,True
P30546,0,3,3,True
P30547,4,220,220,True
P30548,2,2,2,True
P30549,7,16,16,True
P30550,9,132,123,True
P30551,0,880,878,True
P30552,3,11,11,True
P30553,0,473,470,True
P30554,0,1,1,True
P30555,3,12,12,True
P30556,4,1426,1423,True
P30557,9,276,276,True
P30559,7,805,744,True
P30560,4,367,346,True
P30680,5,196,191,True
P30728,9,8,8,True
P30729,4,305,305,True
P30730,5,3,3,True
P30872,9,707,688,True
P30873,0,3,3,True
P30874,2,1223,1186,True
P30875,4,57,53,True
P30935,0,68,65,True
P30936,8,45,43,True
P30937,1,66,63,True
P30938,6,67,63,True
P30939,2,135,135,True
P30966,6,24,24,True
P30968,4,853,848,True
P30969,6,581,579,True
P30987,4,40,40,True
P30988,9,133,2,True
P30989,8,762,753,True
P30993,5,2,2,True
P30994,5,805,803,True
P31387,2,10,10,True
P31388,7,70,69,True
P31389,7,463,463,True
P31390,8,206,206,True
P31391,9,1004,976,True
P31421,9,661,659,True
P31422,9,534,533,True
P31423,5,229,229,True
P31424,6,1678,1678,True
P32211,9,2,2,True
P32214,7,54,0,False
P32215,4,3,0,False
P32238,2,546,517,True
P32239,2,1209,1176,True
P32240,5,210,210,True
P32241,4,17,4,True
P32244,0,9,9,True
P32245,6,2191,2120,True
P32246,1,512,511,True
P32247,1,249,247,True
P32248,6,13,13,True
P32249,4,103,103,True
P32299,6,8,8,True
P32300,8,992,986,True
P32301,4,42,37,True
P32302,1,74,70,True
P32304,6,14,14,True
P32305,1,354,353,True
P32307,9,33,33,True
P32745,6,656,632,True
P33032,7,898,860,True
P33033,3,354,342,True
P33533,3,1865,1855,True
P33534,9,362,343,True
P33535,5,2496,2474,True
P34968,1,60,60,True
P34969,8,1755,1752,True
P34970,2,26,26,True
P34971,7,51,51,True
P34972,3,5579,5572,True
P34975,5,509,501,True
P34976,5,686,686,True
P34978,0,108,108,True
P34979,7,21,21,True
P34980,9,17,17,True
P34981,9,17,17,True
P34995,1,651,651,True
P34998,3,905,842,True
P35000,5,19,0,False
P35342,6,6,6,True
P35343,7,3,3,True
P35344,5,5,5,True
P35345,5,1,1,True
P35346,3,880,859,True
P35347,1,6,1,True
P35348,1,1623,1622,True
P35349,6,96,96,True
P35351,8,681,681,True
P35353,2,404,400,True
P35363,3,214,214,True
P35364,4,23,23,True
P35365,5,19,19,True
P35367,6,1433,1429,True
P35368,2,945,944,True
P35370,2,58,31,True
P35372,9,6039,6000,True
P35375,1,232,232,True
P35377,8,64,45,True
P35383,5,58,58,True
P35400,2,197,196,True
P35405,1,6,6,True
P35406,2,5,5,True
P35408,1,1004,1004,True
P35414,4,2724,2699,True
P35462,5,3697,3695,True
P35463,3,316,314,True
P37288,6,1009,988,True
P37289,5,41,41,True
P41143,6,4463,4414,True
P41144,1,1612,1598,True
P41145,6,4285,4244,True
P41146,1,1473,1438,True
P41149,3,433,422,True
P41180,5,299,299,True
P41231,2,298,298,True
P41232,1,1,1,True
P41586,7,36,2,True
P41587,1,67,27,True
P41594,1,1454,1452,True
P41595,9,1243,1240,True
P41597,5,1008,1004,True
P41968,7,769,728,True
P41985,5,1,1,True
P42866,0,651,643,True
P43088,9,390,389,True
P43114,2,76,76,True
P43115,7,759,759,True
P43116,1,1035,1035,True
P43117,7,36,35,True
P43119,1,381,381,True
P43140,8,536,536,True
P43220,6,1056,652,True
P43252,3,12,12,True
P43253,1,20,20,True
P43657,5,1,1,True
P46002,3,4,4,True
P46089,5,1,1,True
P46092,8,27,22,True
P46093,5,12,12,True
P46095,9,190,190,True
P46616,4,109,109,True
P46627,3,35,35,True
P46636,2,31,31,True
P46663,5,695,694,True
P47211,0,89,55,True
P47743,4,3,3,True
P47745,0,355,354,True
P47746,2,193,193,True
P47747,3,256,256,True
P47748,9,17,11,True
P47752,3,10,10,True
P47866,6,81,72,True
P47871,2,579,453,True
P47872,0,4,0,False
P47898,9,670,670,True
P47900,1,437,422,True
P47901,4,533,523,True
P47936,1,604,604,True
P47937,0,11,11,True
P48039,0,809,808,True
P48044,3,3,2,True
P48145,8,404,400,True
P48302,7,4,4,True
P48303,2,14,14,True
P48546,5,91,62,True
P48748,9,15,15,True
P48974,3,272,266,True
P49019,2,75,75,True
P49144,7,1,1,True
P49146,8,839,650,True
P49238,2,19,19,True
P49286,7,691,691,True
P49287,4,3,3,True
P49288,2,141,141,True
P49651,3,14,14,True
P49652,8,138,138,True
P49660,9,80,77,True
P49681,5,22,22,True
P49682,8,861,860,True
P49683,1,101,94,True
P49684,5,124,124,True
P49685,5,1,1,True
P49892,5,11,11,True
P50052,9,390,390,True
P50128,0,5,5,True
P50129,1,80,80,True
P50130,5,202,202,True
P50391,5,214,152,True
P50406,6,2635,2632,True
P50407,1,30,30,True
P51144,6,75,75,True
P51436,0,12,12,True
P51582,2,189,189,True
P51675,3,39,39,True
P51677,3,644,644,True
P51678,5,7,7,True
P51679,4,349,349,True
P51680,7,3,3,True
P51681,2,1505,1474,True
P51682,7,32,32,True
P51683,0,40,40,True
P51684,3,406,406,True
P51685,3,125,124,True
P51686,1,196,196,True
P51810,6,1,1,True
P52500,0,62,58,True
P52592,6,1,1,True
P52702,5,17,17,True
P52703,9,192,192,True
P54833,2,118,118,True
P55085,4,109,104,True
P56450,7,407,397,True
P56479,9,6,2,True
P56481,6,323,323,True
P56483,0,1,1,True
P56485,9,1,1,True
P56486,1,24,24,True
P56494,4,4,3,True
P56718,1,350,348,True
P56719,3,56,56,True
P56726,2,232,232,True
P56971,6,4,4,True
P58307,0,3,3,True
P58308,2,3,3,True
P58406,2,197,197,True
P59536,2,1,1,True
P59538,1,6,6,True
P59551,5,1,1,True
P60026,5,360,360,True
P61073,0,696,648,True
P61168,1,192,192,True
P61169,9,2998,2998,True
P61793,4,5,5,True
P61794,1,14,14,True
P61813,6,4,4,True
P61814,4,19,19,True
P69332,1,37,37,True
P70174,9,2,2,True
P70263,2,63,63,True
P70310,6,2,2,True
P70536,5,256,241,True
P70579,7,118,118,True
P70596,0,54,53,True
P70597,6,45,45,True
P70658,7,4,4,True
P79218,3,76,76,True
P79250,1,2,2,True
P79266,3,19,19,True
P79291,7,274,272,True
P79292,3,55,55,True
P79350,2,62,62,True
P79393,0,23,23,True
P79394,7,1,1,True
P79400,0,116,116,True
P79748,0,150,150,True
P97288,4,9,9,True
P97292,9,1,1,True
P97295,8,5,0,False
P97468,8,5,5,True
P97520,0,3,3,True
P97583,0,24,24,True
P97639,2,164,162,True
P97714,5,11,11,True
P97717,7,3,3,True
P97718,1,6,6,True
P97772,0,6,6,True
P97926,7,1,1,True
Q00788,0,497,482,True
Q01338,0,8,8,True
Q01717,7,24,24,True
Q01718,8,19,19,True
Q01726,7,762,698,True
Q01727,3,589,573,True
Q01776,8,2,2,True
Q02152,3,86,86,True
Q02284,0,3,3,True
Q02643,6,2,2,True
Q03431,9,95,58,True
Q04573,0,3,0,False
Q07FZ4,4,1,1,True
Q09QM4,8,2,2,True
Q0P543,7,1,0,False
Q0VC81,1,2,2,True
Q13255,0,796,793,True
Q13258,7,496,496,True
Q13304,9,124,124,True
Q13324,5,48,23,True
Q13639,0,528,527,True
Q14330,5,137,137,True
Q14416,6,1083,1073,True
Q14831,4,178,176,True
Q14832,7,316,310,True
Q14833,2,784,781,True
Q14BI2,0,36,36,True
Q15077,1,311,311,True
Q15391,9,162,162,True
Q15722,7,241,240,True
Q15743,2,2,2,True
Q15761,7,871,822,True
Q16581,6,113,106,True
Q16602,4,584,572,True
Q1LZD0,6,5,5,True
Q1ZY22,0,2,2,True
Q1ZZH0,2,21,21,True
Q28044,0,46,46,True
Q28309,8,89,89,True
Q28524,1,7,7,True
Q28642,8,5,5,True
Q28691,8,2,2,True
Q28756,6,15,15,True
Q28838,7,80,80,True
Q28998,7,2,2,True
Q29010,8,203,192,True
Q2AC31,7,2,2,True
Q2KIP6,5,259,259,True
Q2NNR5,2,364,364,True
Q3BCU0,0,27,27,True
Q3T181,7,16,16,True
Q3U507,4,11,11,True
Q3U6B2,7,4,4,True
Q3UFD7,1,4,4,True
Q3UVX5,2,64,64,True
Q49LX5,3,5,5,True
Q49LX6,3,67,67,True
Q4EW11,6,2,2,True
Q4KLH9,6,9,9,True
Q4QXU5,9,1,1,True
Q56UD9,8,1,0,False
Q5DUB1,0,32,32,True
Q5DUB2,7,17,17,True
Q5IS98,2,92,92,True
Q5KSK8,8,2,2,True
Q5NUL3,5,719,719,True
Q5QD14,1,39,39,True
Q5QD15,4,1,1,True
Q5QD16,0,1,1,True
Q5R949,3,109,109,True
Q5RAL3,8,5,5,True
Q5RDQ8,9,8,8,True
Q5RF57,7,106,106,True
Q5T6X5,6,8,8,True
Q5U431,4,16,16,True
Q60474,9,3,3,True
Q60476,0,83,83,True
Q60484,7,13,13,True
Q60612,9,53,53,True
Q60613,8,53,53,True
Q60614,4,21,20,True
Q60748,5,53,5,True
Q60882,3,1,1,True
Q60F97,5,202,202,True
Q61041,7,7,1,True
Q61091,4,1,1,True
Q61125,8,4,4,True
Q61212,2,5,5,True
Q61224,7,6,6,True
Q61606,8,46,39,True
Q61614,8,13,13,True
Q61616,4,45,45,True
Q61618,9,89,86,True
Q62035,0,15,15,True
Q62053,3,185,185,True
Q62463,8,10,10,True
Q62758,7,188,187,True
Q62805,2,25,5,True
Q62928,7,58,58,True
Q63118,2,12,6,True
Q63371,9,20,20,True
Q63384,7,14,14,True
Q63447,8,17,5,True
Q63634,1,63,52,True
Q63931,6,437,437,True
Q64077,4,44,44,True
Q64264,1,67,67,True
Q64326,1,5,4,True
Q68ED2,5,2,2,True
Q6DWJ6,0,125,125,True
Q6IYF8,9,1,1,True
Q6IYF9,0,1,1,True
Q6NS65,1,7,7,True
Q6R6I6,4,2,0,False
Q6TLJ0,4,105,105,True
Q6W3F4,0,65,65,True
Q6W5P4,7,46,44,True
Q6XKD3,3,4,4,True
Q6Y1R5,2,4,4,True
Q75Z89,9,403,403,True
Q76EI6,5,1,1,True
Q76JU9,2,115,115,True
Q76LL8,9,1,1,True
Q76MS7,4,66,66,True
Q7RTX0,4,211,210,True
Q7RTX1,4,79,78,True
Q7TMA4,8,13,13,True
Q7TN41,3,1,1,True
Q7TQN8,1,25,25,True
Q7TQN9,6,18,18,True
Q7TQP3,8,77,77,True
Q7Z601,5,62,62,True
Q80SS6,0,193,193,True
Q80T02,3,2,2,True
Q80Z39,8,29,29,True
Q863I4,8,16,16,True
Q864L0,8,1,1,True
Q86Y34,5,1,1,True
Q8BFU7,1,38,38,True
Q8BLD9,1,3,3,True
Q8BMC0,6,1,1,True
Q8BUD0,1,7,7,True
Q8BZ39,2,40,28,True
Q8BZP8,4,25,0,False
Q8C131,0,2,2,True
Q8CIM5,6,1,1,True
Q8CIP3,8,5,5,True
Q8HXX3,9,5,5,True
Q8HYC3,2,1,1,True
Q8HZ64,7,19,19,True
Q8HZP2,9,1,1,True
Q8IYL9,8,4,4,True
Q8IZ08,9,1,1,True
Q8JZL2,7,51,50,True
Q8K3T4,5,63,63,True
Q8K418,5,33,33,True
Q8K4Z4,1,278,278,True
Q8K4Z6,9,20,20,True
Q8K5E0,9,2,2,True
Q8MJ08,9,37,37,True
Q8MJ89,9,1,1,True
Q8MJW8,7,1,1,True
Q8NFJ6,5,5,5,True
Q8R4G1,8,11,11,True
Q8TCW9,3,170,170,True
Q8TDS4,9,393,393,True
Q8TDS5,6,49,49,True
Q8TDS7,7,1,1,True
Q8TDU6,9,529,527,True
Q8TDU9,2,16,8,True
Q8TDV5,5,526,524,True
Q8TE23,0,1,1,True
Q8UUY8,7,158,158,True
Q8VCK6,1,3,3,True
Q8VIH9,4,3,3,True
Q8WN93,0,5,0,False
Q8WPA2,2,8,8,True
Q8WXD0,7,3,2,True
Q90308,3,1,1,True
Q90328,9,3,3,True
Q90812,1,1,1,True
Q90WY4,7,93,93,True
Q91175,5,96,96,True
Q91559,5,138,138,True
Q91ZB8,5,1,1,True
Q91ZY1,1,61,61,True
Q91ZY2,7,72,72,True
Q920H4,2,24,24,True
Q923X8,3,59,59,True
Q923Y8,3,1217,1216,True
Q923Y9,8,640,639,True
Q924H0,7,4,4,True
Q924T8,9,1,1,True
Q924U0,3,16,16,True
Q924U1,5,71,71,True
Q92633,0,214,212,True
Q92847,1,1156,1138,True
Q95136,5,384,384,True
Q95KH4,4,1,1,True
Q95L55,1,5,5,True
Q95MH6,9,2,2,True
Q95N02,6,2,2,True
Q95N03,2,3,3,True
Q969F8,1,245,243,True
Q969V1,3,149,146,True
Q96G91,6,34,34,True
Q96LB1,3,38,36,True
Q96LB2,9,63,63,True
Q96P65,3,87,84,True
Q96P68,6,8,8,True
Q96RI0,8,854,854,True
Q96RJ0,1,450,450,True
Q98982,3,17,17,True
Q99500,5,1969,1968,True
Q99527,8,80,80,True
Q99677,5,18,18,True
Q99705,6,2023,2018,True
Q99788,9,30,30,True
Q99835,8,275,275,True
Q99JA4,2,1,1,True
Q99MT6,4,6,6,True
Q99P50,6,3,3,True
Q9BDQ5,6,4,4,True
Q9BDS8,1,1,1,True
Q9BGL8,7,13,13,True
Q9BPV8,1,24,24,True
Q9BXA5,5,24,24,True
Q9BXC0,2,29,29,True
Q9BXC1,3,25,25,True
Q9EP66,5,22,22,True
Q9EP86,6,3,3,True
Q9EPB7,2,2,2,True
Q9EPX4,9,58,58,True
Q9EQ16,4,2,2,True
Q9EQ31,6,3,3,True
Q9EQD2,6,17,16,True
Q9ERK9,1,19,19,True
Q9ERZ3,4,35,35,True
Q9ERZ4,2,19,19,True
Q9ES90,9,16,16,True
Q9ESG6,6,35,35,True
Q9GJU1,4,2,2,True
Q9GLN9,7,8,8,True
Q9GLX8,9,5,5,True
Q9GZN0,5,115,114,True
Q9GZQ4,4,100,85,True
Q9GZQ6,0,57,57,True
Q9H1C0,7,46,46,True
Q9H228,8,373,373,True
Q9H244,0,754,752,True
Q9H3N8,8,923,923,True
Q9H461,4,1,1,True
Q9HB89,2,85,77,True
Q9HBW0,9,104,104,True
Q9HBX9,3,55,44,True
Q9HC97,0,474,474,True
Q9JHG3,8,90,53,True
Q9JI35,0,260,260,True
Q9JII9,8,8,8,True
Q9JJL9,7,1,1,True
Q9JKM5,8,1,1,True
Q9JL06,8,2,2,True
Q9JL21,5,9,9,True
Q9MYW9,6,285,285,True
Q9N296,9,386,386,True
Q9N2A4,4,110,110,True
Q9N2A7,1,125,125,True
Q9N2B2,4,204,204,True
Q9N2B6,2,73,73,True
Q9N2B7,7,7,7,True
Q9N2D9,1,26,26,True
Q9NPC1,1,214,214,True
Q9NQS5,4,383,382,True
Q9NS67,5,14,14,True
Q9NS75,1,76,76,True
Q9NSD7,2,68,50,True
Q9NYV8,5,94,94,True
Q9NYW1,2,1,1,True
Q9NYW2,8,103,103,True
Q9NYW5,0,1,1,True
Q9NYW7,0,1,1,True
Q9PUI7,7,248,248,True
Q9QYN8,6,892,891,True
Q9QZN9,5,308,306,True
Q9R0Q2,9,5,5,True
Q9R1C8,4,127,127,True
Q9R1K6,9,38,38,True
Q9R261,5,7,7,True
Q9TT23,8,2,2,True
Q9TTM9,0,32,32,True
Q9UBS5,8,63,60,True
Q9UBY5,7,153,153,True
Q9UJ42,2,19,19,True
Q9UKP6,8,319,318,True
Q9UNW8,0,1,1,True
Q9UP38,8,3,0,False
Q9UPC5,2,102,102,True
Q9WTV9,3,9,9,True
Q9WU02,6,8,8,True
Q9WU25,8,9,9,True
Q9WV08,4,21,21,True
Q9WV26,0,23,23,True
Q9WVD0,2,18,10,True
Q9XSD4,8,20,20,True
Q9XT82,7,16,16,True
Q9Y271,3,302,302,True
Q9Y2T5,3,75,75,True
Q9Y2T6,2,900,900,True
Q9Y5N1,8,2789,2786,True
Q9Y5X5,7,67,66,True
Q9Y5Y4,3,1723,1723,True
Q9Z0L1,1,1,1,True
Q9Z0U4,4,208,208,True
Q9Z0U9,8,1,1,True
Q9Z0W0,4,6,0,False
Q9Z0Z6,0,1,1,True
Q9Z2D5,3,10,1,True
Q9Z2J6,4,11,11,True
